{"Name":"Portuguese","DisplayName":"PT-BR Tradução","GameVersion":1.24,"Version":3.09,"Desc":"Esta versão foi disponibilizada em 01/01/2023. \n87% Traduzido. \n51,4% Totalmente revisados. \n100% Da Historia traduzida. \n\n Este é um TRABALHO original feito exclusivamente pela equipe Take Over. \n Acesse nosso discord para obter as atualizações recentes, e nos informar sobre erros! (https://discord.gg/DmXEkbBcg6). \n\n Agradecimento Especial para: \nCorvus#5249 \nAkyx#4851 \nGanm#5467 \nVaarsael#6596 \nswodette#7561 \nDheon#6694" ,"Author":"Take Over Group","UIPackage":null,"ID":"1875864004","Flag":-171248542,"Tags":["Language"],"IncreasedDesc":"87% Traduzido. \n51,4% Totalmente revisados. \n100% Da Historia traduzida. \nInclui a tradução de todas as DLC's \nEsta versão foi disponibilizada em 01/01/2023. \nRecomendado a utilização de um novo save/jogo","IsInsideCreat":false,"Previews":[],"ParentModInfo":null}